{"cameraMode":{"drawMode":0,"name":"Shaded","section":"Shading Mode"},"sceneLighting":true,"audioPlay":false,"sceneViewState":{"showFog":true,"showMaterialUpdate":false,"showSkybox":true,"showFlares":true,"showImageEffects":true,"showParticleSystems":true},"in2DMode":false,"pivot":{"x":-0.01901649497449398,"y":0.018013466149568559,"z":0.5365957617759705},"rotation":{"x":-0.027301670983433725,"y":0.018589096143841745,"z":-0.0005078820395283401,"w":-0.999457597732544},"size":1.0535600185394288,"orthographic":false}