{"cameraMode":{"drawMode":0,"name":"Shaded","section":"Shading Mode"},"sceneLighting":true,"audioPlay":false,"sceneViewState":{"showFog":true,"showMaterialUpdate":false,"showSkybox":true,"showFlares":true,"showImageEffects":true,"showParticleSystems":true},"in2DMode":false,"pivot":{"x":0.021512746810913087,"y":-0.005875647068023682,"z":0.2354271113872528},"rotation":{"x":-0.1535884588956833,"y":-0.7320237755775452,"z":0.17565198242664338,"w":-0.6400837302207947},"size":0.42816340923309328,"orthographic":false}