{"cameraMode":{"drawMode":0,"name":"Shaded","section":"Shading Mode"},"sceneLighting":true,"audioPlay":false,"sceneViewState":{"showFog":true,"showMaterialUpdate":false,"showSkybox":true,"showFlares":true,"showImageEffects":true,"showParticleSystems":true},"in2DMode":false,"pivot":{"x":-0.18146508932113648,"y":-0.04550524055957794,"z":0.37097567319869997},"rotation":{"x":-0.13913339376449586,"y":0.5120946168899536,"z":-0.08448145538568497,"w":-0.8433733582496643},"size":0.8650786280632019,"orthographic":false}